{
  "walk": {
    "FMD": 0.686841651407043,
    "MPJPE": 0.0904000774025917,
    "Var": 0.007858958095312119
  },
  "jump": {
    "FMD": 0.4481827368029034,
    "MPJPE": 0.1339716762304306,
    "Var": 0.012280725874006748
  }
}